Country,Short_Country,Date,Short_Product,Product,Type,SOH,AMI,MOS,Note
Botswana,BWA,2019-04-30,DETERMINE RTK 100 TESTS,"HIV-1/2 Determine Rapid Test Kit, 100 Tests",RTK,4312.0,691.6666666666666,6.2,
Botswana,BWA,2019-04-30,UNI-GOLD RTK 20 TESTS,"HIV-1/2 Uni-Gold Rapid Test Kit, 20 Tests",RTK,1471.0,1364.666666666667,1.1,The next shipment is by end of July 2019 and the quantity is 1000. Funding source is MOH.
Burundi,BDI,2018-05-31,DETERMINE RTK 100 TESTS,"HIV-1/2 Determine Rapid Test Kit, 100 Tests",RTK,6586.0,1201.0,5.5,
Burundi,BDI,2018-05-31,"STAT-PAK ASSAY RTK, 30 TESTS","HIV-1/2 RTK, STAT-PAK Assay, 30 Tests",RTK,1180.0,215.0,5.5,
Burundi,BDI,2018-06-30,DETERMINE RTK 100 TESTS,"HIV-1/2 Determine Rapid Test Kit, 100 Tests",RTK,3515.0,1201.0,2.9,
Burundi,BDI,2018-06-30,"STAT-PAK ASSAY RTK, 30 TESTS","HIV-1/2 RTK, STAT-PAK Assay, 30 Tests",RTK,1698.0,215.0,7.9,
Burundi,BDI,2018-07-31,DETERMINE RTK 100 TESTS,"HIV-1/2 Determine Rapid Test Kit, 100 Tests",RTK,2536.0,1201.0,2.1,
Burundi,BDI,2018-07-31,ORAQUICK ADVANCE RTK 100 TESTS,"HIV-1/2 RTK, OraQuick ADVANCE Rapid Antibody Test, 100 Tests",RTK,2000.0,500.0,4.0,
Burundi,BDI,2018-07-31,"STAT-PAK ASSAY RTK, 30 TESTS","HIV-1/2 RTK, STAT-PAK Assay, 30 Tests",RTK,1569.0,215.0,7.3,
Burundi,BDI,2018-08-31,DETERMINE RTK 100 TESTS,"HIV-1/2 Determine Rapid Test Kit, 100 Tests",RTK,1060.0,1611.333333333333,0.7,
Burundi,BDI,2018-08-31,ORAQUICK ADVANCE RTK 100 TESTS,"HIV-1/2 RTK, OraQuick ADVANCE Rapid Antibody Test, 100 Tests",RTK,1250.0,416.6666666666667,3.0,
Burundi,BDI,2018-08-31,SD BIOLINE 3.0 RTK 25 TESTS,"HIV-1/2 SD Bioline 3.0, Rapid Test Kit, 25 Tests",RTK,5159.0,778.6666666666666,6.6,
Burundi,BDI,2018-08-31,"STAT-PAK ASSAY RTK, 30 TESTS","HIV-1/2 RTK, STAT-PAK Assay, 30 Tests",RTK,1359.0,224.6666666666667,6.0,
Burundi,BDI,2018-09-30,DETERMINE RTK 100 TESTS,"HIV-1/2 Determine Rapid Test Kit, 100 Tests",RTK,1563.0,1471.0,1.1,
Burundi,BDI,2018-09-30,ORAQUICK ADVANCE RTK 100 TESTS,"HIV-1/2 RTK, OraQuick ADVANCE Rapid Antibody Test, 100 Tests",RTK,1100.0,400.0,2.8,
Burundi,BDI,2018-09-30,SD BIOLINE 3.0 RTK 25 TESTS,"HIV-1/2 SD Bioline 3.0, Rapid Test Kit, 25 Tests",RTK,5227.0,1084.0,4.8,
Burundi,BDI,2018-09-30,"STAT-PAK ASSAY RTK, 30 TESTS","HIV-1/2 RTK, STAT-PAK Assay, 30 Tests",RTK,1102.0,235.0,4.7,
Burundi,BDI,2018-10-31,DETERMINE RTK 100 TESTS,"HIV-1/2 Determine Rapid Test Kit, 100 Tests",RTK,1082.0,583.0,1.9,
Burundi,BDI,2018-10-31,ORAQUICK ADVANCE RTK 100 TESTS,"HIV-1/2 RTK, OraQuick ADVANCE Rapid Antibody Test, 100 Tests",RTK,1100.0,500.0,2.2,
Burundi,BDI,2018-10-31,SD BIOLINE 3.0 RTK 25 TESTS,"HIV-1/2 SD Bioline 3.0, Rapid Test Kit, 25 Tests",RTK,4081.0,1033.0,4.0,
Burundi,BDI,2018-10-31,"STAT-PAK ASSAY RTK, 30 TESTS","HIV-1/2 RTK, STAT-PAK Assay, 30 Tests",RTK,911.0,235.0,3.9,
Burundi,BDI,2018-11-30,DETERMINE RTK 100 TESTS,"HIV-1/2 Determine Rapid Test Kit, 100 Tests",RTK,455.0,583.0,0.8,
Burundi,BDI,2018-11-30,ORAQUICK ADVANCE RTK 100 TESTS,"HIV-1/2 RTK, OraQuick ADVANCE Rapid Antibody Test, 100 Tests",RTK,600.0,500.0,1.2,
Burundi,BDI,2018-11-30,SD BIOLINE 3.0 RTK 25 TESTS,"HIV-1/2 SD Bioline 3.0, Rapid Test Kit, 25 Tests",RTK,3226.0,1033.0,3.1,
Burundi,BDI,2018-11-30,"STAT-PAK ASSAY RTK, 30 TESTS","HIV-1/2 RTK, STAT-PAK Assay, 30 Tests",RTK,719.0,235.0,3.1,
Burundi,BDI,2018-12-31,DETERMINE RTK 100 TESTS,"HIV-1/2 Determine Rapid Test Kit, 100 Tests",RTK,1768.0,600.0,2.9,
Burundi,BDI,2018-12-31,ORAQUICK ADVANCE RTK 100 TESTS,"HIV-1/2 RTK, OraQuick ADVANCE Rapid Antibody Test, 100 Tests",RTK,600.0,500.0,1.2,
Burundi,BDI,2018-12-31,SD BIOLINE 3.0 RTK 25 TESTS,"HIV-1/2 SD Bioline 3.0, Rapid Test Kit, 25 Tests",RTK,2612.0,1033.0,2.5,
Burundi,BDI,2018-12-31,"STAT-PAK ASSAY RTK, 30 TESTS","HIV-1/2 RTK, STAT-PAK Assay, 30 Tests",RTK,612.0,235.0,2.6,
Burundi,BDI,2019-01-31,DETERMINE RTK 100 TESTS,"HIV-1/2 Determine Rapid Test Kit, 100 Tests",RTK,6116.0,600.0,10.2,
Burundi,BDI,2019-01-31,ORAQUICK ADVANCE RTK 100 TESTS,"HIV-1/2 RTK, OraQuick ADVANCE Rapid Antibody Test, 100 Tests",RTK,300.0,600.0,0.5,
Burundi,BDI,2019-01-31,SD BIOLINE 3.0 RTK 25 TESTS,"HIV-1/2 SD Bioline 3.0, Rapid Test Kit, 25 Tests",RTK,5632.0,1032.0,5.5,
Burundi,BDI,2019-01-31,"STAT-PAK ASSAY RTK, 30 TESTS","HIV-1/2 RTK, STAT-PAK Assay, 30 Tests",RTK,476.0,235.0,2.0,
Burundi,BDI,2019-02-28,DETERMINE RTK 100 TESTS,"HIV-1/2 Determine Rapid Test Kit, 100 Tests",RTK,5589.0,600.0,9.3,
Burundi,BDI,2019-02-28,ORAQUICK ADVANCE RTK 100 TESTS,"HIV-1/2 RTK, OraQuick ADVANCE Rapid Antibody Test, 100 Tests",RTK,10000.0,500.0,20.0,
Burundi,BDI,2019-02-28,SD BIOLINE 3.0 RTK 25 TESTS,"HIV-1/2 SD Bioline 3.0, Rapid Test Kit, 25 Tests",RTK,2820.0,1013.0,2.8,
Burundi,BDI,2019-02-28,"STAT-PAK ASSAY RTK, 30 TESTS","HIV-1/2 RTK, STAT-PAK Assay, 30 Tests",RTK,372.0,179.0,2.1,
Burundi,BDI,2019-03-31,DETERMINE RTK 100 TESTS,"HIV-1/2 Determine Rapid Test Kit, 100 Tests",RTK,4779.0,700.0,6.8,ACTION REQUIRED: Sighlty understock with risk of stock out in September 2019. There is a budget gap for this product. There are no orders planned to be shippped this year. This is due to budget constraints and all partners are aware and informed. PNLS has expressed needs to UNICEF who sometimes order  HIV commodities (Determine included) in order to see if it can fill this gap to avoid any risk of shortage in September 2019.
Burundi,BDI,2019-03-31,ORAQUICK ADVANCE RTK 100 TESTS,"HIV-1/2 RTK, OraQuick ADVANCE Rapid Antibody Test, 100 Tests",RTK,9530.0,800.0,11.9,"Product is well stocked. GHSC-PSM will closely follow-up on test usage at facility level and regularly share feedback with PEPFAR for decision making, regarding upcoming COP 19 planning."
Burundi,BDI,2019-03-31,SD BIOLINE 3.0 RTK 25 TESTS,"HIV-1/2 SD Bioline 3.0, Rapid Test Kit, 25 Tests",RTK,1866.0,1759.0,1.1,"Understock with risk of shortage in May 2019. UNDP shipment (Qty 3,354) is expected in early May 2019. A risk of shortage is also expected in September 2019. PSM will continue to coordinate with PNLS, through quarterly supply plans review, to track the consumption trend and its rational usage at HF level in harmony with Determine rapid tests; assistance to ensure the rational use of this commodity. GHSC-PSM will closely work with PNLS (HIV control program) and UNDP as GF/PR, to update the current distribution plan taking  in account usage of DUO in HIV screening in pregnant women and Determine in general population HIV screening, which contributes to an optimal utilization at sites level."
Burundi,BDI,2019-03-31,"STAT-PAK ASSAY RTK, 30 TESTS","HIV-1/2 RTK, STAT-PAK Assay, 30 Tests",RTK,1841.0,110.0,16.7,"Product is well-stocked and has sufficien stock available until December 2019. GHSC-RTK/RMI shipment (Qty 1,700) arrived on 3/12/2019. Another UNDP shipment of 1,700 kits is planned for early May 2019."
Burundi,BDI,2019-04-30,DETERMINE RTK 100 TESTS,"HIV-1/2 Determine Rapid Test Kit, 100 Tests",RTK,4055.0,711.0,5.7,"Understock. Test requires an optimal usage at facility level, index testing, not recommended in ANC testing which utilizes Duo tests: PNLS, RAFG, PSM for follow up.  FHI360 Targets in Q3&4: 245,567.
GHSC-PSM will follow up for quick delivery of pending UNDP order (qty 170,000  tests) expected to arrive in September 2019. As discussed during the COP19 between process PEPFAR and GFATM, GHSC-PSM will  closely follow all upcoming orders from UNDP ."
Burundi,BDI,2019-04-30,ORAQUICK ADVANCE RTK 100 TESTS,"HIV-1/2 RTK, OraQuick ADVANCE Rapid Antibody Test, 100 Tests",RTK,7566.0,911.3333333333334,8.3,There is a risk of stockout in September. GHSC-PSM will closely coordinate with RAFG/LINKAGES so that the stock on hand can rationally support targeted self tests until end of FY19. GHSC-PSM will discuss with PEPFAR to seek way to anticipate procurement of approved tests quantity in the COP19.
Burundi,BDI,2019-04-30,SD BIOLINE 3.0 RTK 25 TESTS,"HIV-1/2 SD Bioline 3.0, Rapid Test Kit, 25 Tests",RTK,1978.0,871.3333333333334,2.3,"Understock, with stockout risk in September 2019. UNDP shipment (Qty 3,354) is expected in May 2019. FHI360 Targets in Q 3 & 4: 125,992. Recommendation for Determine test utilization during Duo stockout. PNLS requested in April 2019 additional kits from UNICEF (250,000 tests). GHSC-PSM will seek an update on this request, and will work with UNDP to anticipate any procurement as of year 2020.

GHSC-PSM will continue to coordinate with PNLS, through quarterly supply plans review, to track the consumption trend and its rational usage at HF level in harmony with Determine rapid tests; assistance to ensure the rational use of this commodity. GHSC-PSM will closely work with PNLS (HIV control program) and UNDP as GF/PR to update the current distribution plan taking  in account usage of DUO in HIV screening in pregnant women and Determine in general population HIV screening, which contributes to an optimal utilization at sites level."
Burundi,BDI,2019-04-30,"STAT-PAK ASSAY RTK, 30 TESTS","HIV-1/2 RTK, STAT-PAK Assay, 30 Tests",RTK,1592.0,196.6666666666667,8.1,"Product is well-stocked and has sufficient stock available until December 2019. GHSC-RTK/RMI shipment (Qty 1,700) arrived on 3/12/2019. Another UNDP shipment of 1,700 kits is planned for early May 2019. Product expiry date is October 2020. "
Cameroon,CMR,2018-05-31,DETERMINE RTK 100 TESTS,"HIV-1/2 Determine Rapid Test Kit, 100 Tests",RTK,0.0,1282.0,0,
Cameroon,CMR,2018-07-31,DETERMINE RTK 100 TESTS,"HIV-1/2 Determine Rapid Test Kit, 100 Tests",RTK,642.0,1283.666666666667,0.5,
Cameroon,CMR,2018-08-31,DETERMINE RTK 100 TESTS,"HIV-1/2 Determine Rapid Test Kit, 100 Tests",RTK,321.0,1283.666666666667,0.3,
Cameroon,CMR,2018-09-30,DETERMINE RTK 100 TESTS,"HIV-1/2 Determine Rapid Test Kit, 100 Tests",RTK,0.0,1360.666666666667,0,
Cameroon,CMR,2018-10-31,DETERMINE RTK 100 TESTS,"HIV-1/2 Determine Rapid Test Kit, 100 Tests",RTK,0.0,107.0,0,
Cameroon,CMR,2018-11-30,DETERMINE RTK 100 TESTS,"HIV-1/2 Determine Rapid Test Kit, 100 Tests",RTK,100.0,258.6666666666667,0.4,
Cameroon,CMR,2019-01-31,DETERMINE RTK 100 TESTS,"HIV-1/2 Determine Rapid Test Kit, 100 Tests",RTK,100.0,521.6666666666666,0.2,
Cameroon,CMR,2019-02-28,DETERMINE RTK 100 TESTS,"HIV-1/2 Determine Rapid Test Kit, 100 Tests",RTK,100.0,293.3333333333333,0.3,
Cameroon,CMR,2019-03-31,DETERMINE RTK 100 TESTS,"HIV-1/2 Determine Rapid Test Kit, 100 Tests",RTK,100.0,0.0,,"Emergency bailout being sought. Quantification of RTKs planned. GF placed emergency order in early April (lead time can be between 1 - 6 months, depending on product availability). GoC ordered 5,500, but EDD is unknown due to the long lead time."
Cameroon,CMR,2018-05-31,ORAQUICK ADVANCE RTK 100 TESTS,"HIV-1/2 RTK, OraQuick ADVANCE Rapid Antibody Test, 100 Tests",RTK,1012.0,81.66666666666667,12.4,
Cameroon,CMR,2018-07-31,ORAQUICK ADVANCE RTK 100 TESTS,"HIV-1/2 RTK, OraQuick ADVANCE Rapid Antibody Test, 100 Tests",RTK,556.0,54.0,10.3,
Cameroon,CMR,2018-08-31,ORAQUICK ADVANCE RTK 100 TESTS,"HIV-1/2 RTK, OraQuick ADVANCE Rapid Antibody Test, 100 Tests",RTK,278.0,54.0,5.1,
Cameroon,CMR,2018-09-30,ORAQUICK ADVANCE RTK 100 TESTS,"HIV-1/2 RTK, OraQuick ADVANCE Rapid Antibody Test, 100 Tests",RTK,278.0,54.0,5.1,
Cameroon,CMR,2018-10-31,ORAQUICK ADVANCE RTK 100 TESTS,"HIV-1/2 RTK, OraQuick ADVANCE Rapid Antibody Test, 100 Tests",RTK,326.0,0.0,,
Cameroon,CMR,2018-11-30,ORAQUICK ADVANCE RTK 100 TESTS,"HIV-1/2 RTK, OraQuick ADVANCE Rapid Antibody Test, 100 Tests",RTK,326.0,0.0,,
Cameroon,CMR,2019-01-31,ORAQUICK ADVANCE RTK 100 TESTS,"HIV-1/2 RTK, OraQuick ADVANCE Rapid Antibody Test, 100 Tests",RTK,278.0,16.0,17.4,
Cameroon,CMR,2019-02-28,ORAQUICK ADVANCE RTK 100 TESTS,"HIV-1/2 RTK, OraQuick ADVANCE Rapid Antibody Test, 100 Tests",RTK,278.0,16.0,17.4,
Cameroon,CMR,2019-03-31,ORAQUICK ADVANCE RTK 100 TESTS,"HIV-1/2 RTK, OraQuick ADVANCE Rapid Antibody Test, 100 Tests",RTK,186.0,30.66666666666667,6.1,Quantification of RTKs planned
Cameroon,CMR,2018-12-31,DETERMINE RTK 100 TESTS,"HIV-1/2 Determine Rapid Test Kit, 100 Tests",RTK,532.0,551.6666666666666,1.0,
Cameroon,CMR,2018-12-31,ORAQUICK ADVANCE RTK 100 TESTS,"HIV-1/2 RTK, OraQuick ADVANCE Rapid Antibody Test, 100 Tests",RTK,278.0,16.0,17.4,
Cameroon,CMR,2019-04-30,DETERMINE RTK 100 TESTS,"HIV-1/2 Determine Rapid Test Kit, 100 Tests",RTK,100.0,0.0,,Suppliers blocked shipments due to unpaid invoices. Issues being escalated.
Cameroon,CMR,2019-04-30,ORAQUICK ADVANCE RTK 100 TESTS,"HIV-1/2 RTK, OraQuick ADVANCE Rapid Antibody Test, 100 Tests",RTK,124.0,51.33333333333334,2.4,
Cote d'Ivoire,CIV,2018-07-31,DETERMINE RTK 100 TESTS,"HIV-1/2 Determine Rapid Test Kit, 100 Tests",RTK,42604.0,2811.666666666667,15.2,
Cote d'Ivoire,CIV,2018-07-31,ORAQUICK ADVANCE RTK 100 TESTS,"HIV-1/2 RTK, OraQuick ADVANCE Rapid Antibody Test, 100 Tests",RTK,3500.0,0.0,,
Cote d'Ivoire,CIV,2018-07-31,"STAT-PAK ASSAY RTK, 20 TESTS","HIV-1/2 RTK, STAT-PAK Assay, 20 Tests",RTK,9741.0,635.6666666666666,15.3,
Cote d'Ivoire,CIV,2018-07-31,SD BIOLINE 3.0 RTK 25 TESTS,"HIV-1/2 SD Bioline 3.0, Rapid Test Kit, 25 Tests",RTK,5789.0,224.6666666666667,25.8,
Cote d'Ivoire,CIV,2018-08-31,DETERMINE RTK 100 TESTS,"HIV-1/2 Determine Rapid Test Kit, 100 Tests",RTK,40213.0,2844.333333333333,14.1,
Cote d'Ivoire,CIV,2018-08-31,ORAQUICK ADVANCE RTK 100 TESTS,"HIV-1/2 RTK, OraQuick ADVANCE Rapid Antibody Test, 100 Tests",RTK,3500.0,0.0,,
Cote d'Ivoire,CIV,2018-08-31,"STAT-PAK ASSAY RTK, 20 TESTS","HIV-1/2 RTK, STAT-PAK Assay, 20 Tests",RTK,9202.0,638.6666666666666,14.4,
Cote d'Ivoire,CIV,2018-08-31,SD BIOLINE 3.0 RTK 25 TESTS,"HIV-1/2 SD Bioline 3.0, Rapid Test Kit, 25 Tests",RTK,5765.0,212.6666666666667,27.1,
Cote d'Ivoire,CIV,2018-09-30,DETERMINE RTK 100 TESTS,"HIV-1/2 Determine Rapid Test Kit, 100 Tests",RTK,36940.0,2978.333333333333,12.4,
Cote d'Ivoire,CIV,2018-09-30,ORAQUICK ADVANCE RTK 100 TESTS,"HIV-1/2 RTK, OraQuick ADVANCE Rapid Antibody Test, 100 Tests",RTK,3500.0,0.0,,
Cote d'Ivoire,CIV,2018-09-30,"STAT-PAK ASSAY RTK, 20 TESTS","HIV-1/2 RTK, STAT-PAK Assay, 20 Tests",RTK,9402.0,671.3333333333334,14.0,
Cote d'Ivoire,CIV,2018-09-30,SD BIOLINE 3.0 RTK 25 TESTS,"HIV-1/2 SD Bioline 3.0, Rapid Test Kit, 25 Tests",RTK,5601.0,220.3333333333333,25.4,
Cote d'Ivoire,CIV,2018-10-31,DETERMINE RTK 100 TESTS,"HIV-1/2 Determine Rapid Test Kit, 100 Tests",RTK,33791.0,3138.0,10.8,
Cote d'Ivoire,CIV,2018-10-31,ORAQUICK ADVANCE RTK 100 TESTS,"HIV-1/2 RTK, OraQuick ADVANCE Rapid Antibody Test, 100 Tests",RTK,3500.0,0.0,,
Cote d'Ivoire,CIV,2018-10-31,"STAT-PAK ASSAY RTK, 20 TESTS","HIV-1/2 RTK, STAT-PAK Assay, 20 Tests",RTK,10520.0,618.3333333333334,17.0,
Cote d'Ivoire,CIV,2018-10-31,SD BIOLINE 3.0 RTK 25 TESTS,"HIV-1/2 SD Bioline 3.0, Rapid Test Kit, 25 Tests",RTK,5280.0,238.6666666666667,22.1,
Cote d'Ivoire,CIV,2018-11-30,DETERMINE RTK 100 TESTS,"HIV-1/2 Determine Rapid Test Kit, 100 Tests",RTK,29358.0,3250.333333333333,9.0,
Cote d'Ivoire,CIV,2018-11-30,ORAQUICK ADVANCE RTK 100 TESTS,"HIV-1/2 RTK, OraQuick ADVANCE Rapid Antibody Test, 100 Tests",RTK,3500.0,0.0,,
Cote d'Ivoire,CIV,2018-11-30,"STAT-PAK ASSAY RTK, 20 TESTS","HIV-1/2 RTK, STAT-PAK Assay, 20 Tests",RTK,9567.0,668.3333333333334,14.3,
Cote d'Ivoire,CIV,2018-11-30,SD BIOLINE 3.0 RTK 25 TESTS,"HIV-1/2 SD Bioline 3.0, Rapid Test Kit, 25 Tests",RTK,4833.0,258.3333333333333,18.7,
Cote d'Ivoire,CIV,2018-12-31,DETERMINE RTK 100 TESTS,"HIV-1/2 Determine Rapid Test Kit, 100 Tests",RTK,26513.0,3332.666666666667,8.0,
Cote d'Ivoire,CIV,2018-12-31,ORAQUICK ADVANCE RTK 100 TESTS,"HIV-1/2 RTK, OraQuick ADVANCE Rapid Antibody Test, 100 Tests",RTK,3700.0,0.0,,
Cote d'Ivoire,CIV,2018-12-31,"STAT-PAK ASSAY RTK, 20 TESTS","HIV-1/2 RTK, STAT-PAK Assay, 20 Tests",RTK,8810.0,720.3333333333334,12.2,
Cote d'Ivoire,CIV,2018-12-31,SD BIOLINE 3.0 RTK 25 TESTS,"HIV-1/2 SD Bioline 3.0, Rapid Test Kit, 25 Tests",RTK,4598.0,257.3333333333333,17.9,
Cote d'Ivoire,CIV,2019-01-31,DETERMINE RTK 100 TESTS,"HIV-1/2 Determine Rapid Test Kit, 100 Tests",RTK,22447.0,3292.666666666667,6.8,
Cote d'Ivoire,CIV,2019-01-31,ORAQUICK ADVANCE RTK 100 TESTS,"HIV-1/2 RTK, OraQuick ADVANCE Rapid Antibody Test, 100 Tests",RTK,195000.0,0.0,,
Cote d'Ivoire,CIV,2019-01-31,"STAT-PAK ASSAY RTK, 20 TESTS","HIV-1/2 RTK, STAT-PAK Assay, 20 Tests",RTK,7664.0,659.0,11.6,
Cote d'Ivoire,CIV,2019-01-31,SD BIOLINE 3.0 RTK 25 TESTS,"HIV-1/2 SD Bioline 3.0, Rapid Test Kit, 25 Tests",RTK,4372.0,257.3333333333333,17.0,
Cote d'Ivoire,CIV,2019-02-28,DETERMINE RTK 100 TESTS,"HIV-1/2 Determine Rapid Test Kit, 100 Tests",RTK,15072.0,3306.333333333333,4.6,
Cote d'Ivoire,CIV,2019-02-28,ORAQUICK ADVANCE RTK 100 TESTS,"HIV-1/2 RTK, OraQuick ADVANCE Rapid Antibody Test, 100 Tests",RTK,22697.0,289.0,78.5,
Cote d'Ivoire,CIV,2019-02-28,"STAT-PAK ASSAY RTK, 20 TESTS","HIV-1/2 RTK, STAT-PAK Assay, 20 Tests",RTK,7038.0,633.6666666666666,11.1,
Cote d'Ivoire,CIV,2019-02-28,SD BIOLINE 3.0 RTK 25 TESTS,"HIV-1/2 SD Bioline 3.0, Rapid Test Kit, 25 Tests",RTK,4192.0,245.0,17.1,
Cote d'Ivoire,CIV,2019-03-31,DETERMINE RTK 100 TESTS,"HIV-1/2 Determine Rapid Test Kit, 100 Tests",RTK,10913.0,3515.0,3.1,"Government shipment (Qty 4,137) is received on 4/5/2019. Government shipment (Qty 4,140) is expected in May 2019. GHSC-RTK/RMI shipment (Qty 6,400) is expected in July 2019. Global Fund shipment (Qty 4,400) is expected in July 2019. There are 10,913 kits available at the facility level."
Cote d'Ivoire,CIV,2019-03-31,ORAQUICK ADVANCE RTK 100 TESTS,"HIV-1/2 RTK, OraQuick ADVANCE Rapid Antibody Test, 100 Tests",RTK,16317.0,0.0,,"GHSC-RTK/RMI shipment (Qty 25,000) is expected in April 2019. We hope to have the consumption data during the monthly monitoring meeting planned for April 24-26, 2019."
Cote d'Ivoire,CIV,2019-03-31,"STAT-PAK ASSAY RTK, 20 TESTS","HIV-1/2 RTK, STAT-PAK Assay, 20 Tests",RTK,5604.0,636.0,8.8,"GHSC-RTK/RMI shipment (Qty 66,000) is expected in June 2019."
Cote d'Ivoire,CIV,2019-03-31,SD BIOLINE 3.0 RTK 25 TESTS,"HIV-1/2 SD Bioline 3.0, Rapid Test Kit, 25 Tests",RTK,3851.0,259.3333333333333,14.8,"Overstock without risk of expiry. Product expiry in March 2020. GHSC-RTK/RMI shipment (Qty 7,500) is expected in November 2019."
Cote d'Ivoire,CIV,2019-04-30,DETERMINE RTK 100 TESTS,"HIV-1/2 Determine Rapid Test Kit, 100 Tests",RTK,10658.0,3460.666666666667,3.1,"GHSC-RTK/RMI shipment (Qty 640,000; individual tests) is expected in July 2019. "
Cote d'Ivoire,CIV,2019-04-30,ORAQUICK ADVANCE RTK 100 TESTS,"HIV-1/2 RTK, OraQuick ADVANCE Rapid Antibody Test, 100 Tests",RTK,13598.0,129.6666666666667,104.9,"GHSC-RTK/RMI shipment (Qty 25,000; individual tests) was delivered on 5/3/2019. The recording of consumption data in the national tool is still shy. The monitoring committee recommended that stakeholders be made aware of the need to inform e-SIGL. "
Cote d'Ivoire,CIV,2019-04-30,SD BIOLINE 3.0 RTK 25 TESTS,"HIV-1/2 SD Bioline 3.0, Rapid Test Kit, 25 Tests",RTK,3641.0,251.3333333333333,14.5,"Overstock without risk of expiry. Product expiry in March 2020. GHSC-RTK/RMI shipment (Qty 7,500; individual tests) is expected in November 2019. "
Cote d'Ivoire,CIV,2019-04-30,"STAT-PAK ASSAY RTK, 20 TESTS","HIV-1/2 RTK, STAT-PAK Assay, 20 Tests",RTK,4965.0,585.3333333333334,8.5,"GHSC-RTK/RMI shipment (Qty 66,000) is expected in June 2019. "
DRC,DRC,2018-08-31,DETERMINE RTK 100 TESTS,"HIV-1/2 Determine Rapid Test Kit, 100 Tests",RTK,5358.0,988.0,5.4,
DRC,DRC,2018-08-31,UNI-GOLD RTK 20 TESTS,"HIV-1/2 Uni-Gold Rapid Test Kit, 20 Tests",RTK,415.0,110.0,3.8,
DRC,DRC,2018-08-31,VIKIA RTK 25 TESTS,"HIV-1/2 Vikia RTK, 25 Tests",RTK,890.0,110.0,8.1,
DRC,DRC,2018-09-30,DETERMINE RTK 100 TESTS,"HIV-1/2 Determine Rapid Test Kit, 100 Tests",RTK,1768.0,1150.666666666667,1.5,
DRC,DRC,2018-09-30,UNI-GOLD RTK 20 TESTS,"HIV-1/2 Uni-Gold Rapid Test Kit, 20 Tests",RTK,150.0,115.3333333333333,1.3,
DRC,DRC,2018-09-30,VIKIA RTK 25 TESTS,"HIV-1/2 Vikia RTK, 25 Tests",RTK,624.0,106.0,5.9,
DRC,DRC,2018-10-31,DETERMINE RTK 100 TESTS,"HIV-1/2 Determine Rapid Test Kit, 100 Tests",RTK,276.0,102.3333333333333,2.7,
DRC,DRC,2018-10-31,UNI-GOLD RTK 20 TESTS,"HIV-1/2 Uni-Gold Rapid Test Kit, 20 Tests",RTK,96.0,56.66666666666666,1.7,
DRC,DRC,2018-10-31,VIKIA RTK 25 TESTS,"HIV-1/2 Vikia RTK, 25 Tests",RTK,457.0,51.66666666666666,8.8,
DRC,DRC,2018-11-30,DETERMINE RTK 100 TESTS,"HIV-1/2 Determine Rapid Test Kit, 100 Tests",RTK,3457.0,527.0,6.6,
DRC,DRC,2018-11-30,UNI-GOLD RTK 20 TESTS,"HIV-1/2 Uni-Gold Rapid Test Kit, 20 Tests",RTK,94.0,48.0,2.0,
DRC,DRC,2018-11-30,VIKIA RTK 25 TESTS,"HIV-1/2 Vikia RTK, 25 Tests",RTK,248.0,45.0,5.5,
DRC,DRC,2018-12-31,DETERMINE RTK 100 TESTS,"HIV-1/2 Determine Rapid Test Kit, 100 Tests",RTK,2811.0,520.0,5.4,
DRC,DRC,2018-12-31,UNI-GOLD RTK 20 TESTS,"HIV-1/2 Uni-Gold Rapid Test Kit, 20 Tests",RTK,403.0,100.0,4.0,
DRC,DRC,2018-12-31,VIKIA RTK 25 TESTS,"HIV-1/2 Vikia RTK, 25 Tests",RTK,484.0,100.0,4.8,
DRC,DRC,2019-01-31,DETERMINE RTK 100 TESTS,"HIV-1/2 Determine Rapid Test Kit, 100 Tests",RTK,3896.0,845.0,4.6,
DRC,DRC,2019-01-31,UNI-GOLD RTK 20 TESTS,"HIV-1/2 Uni-Gold Rapid Test Kit, 20 Tests",RTK,309.0,100.0,3.1,
DRC,DRC,2019-01-31,VIKIA RTK 25 TESTS,"HIV-1/2 Vikia RTK, 25 Tests",RTK,423.0,100.0,4.2,
DRC,DRC,2019-02-28,DETERMINE RTK 100 TESTS,"HIV-1/2 Determine Rapid Test Kit, 100 Tests",RTK,3690.0,870.0,4.2,
DRC,DRC,2019-02-28,UNI-GOLD RTK 20 TESTS,"HIV-1/2 Uni-Gold Rapid Test Kit, 20 Tests",RTK,144.0,70.0,2.1,
DRC,DRC,2019-02-28,VIKIA RTK 25 TESTS,"HIV-1/2 Vikia RTK, 25 Tests",RTK,215.0,60.0,3.6,
DRC,DRC,2019-03-31,DETERMINE RTK 100 TESTS,"HIV-1/2 Determine Rapid Test Kit, 100 Tests",RTK,2534.0,986.6666666666666,2.6,"The next GHSC-RTK/RMI shipment is expected in April 2019 (Qty 6,000). There is 3 MOS at facility level."
DRC,DRC,2019-03-31,UNI-GOLD RTK 20 TESTS,"HIV-1/2 Uni-Gold Rapid Test Kit, 20 Tests",RTK,578.0,70.0,8.3,"The next GHSC-RTK/RMI shipments (Qtys 462 and 463) were expected in February 2019, but have not yet arrived. These orders are being expedited by RMI and are expected in April 2019."
DRC,DRC,2019-03-31,VIKIA RTK 25 TESTS,"HIV-1/2 Vikia RTK, 25 Tests",RTK,147.0,58.33333333333334,2.5,"GHSC-RTK/RMI shipment (Qty 413) was expected in February 2019. This shipment has not arrived yet, and is expected in April 2019 along with Qty 412. GHSC-TA DRC FO heard from the country Lab task force, supplier wonâ€™t be able to supply VIKIA in near future due some technical issues including API availability, RMI could confirm this allegation. There are 2 MOS at the facility level."
DRC,DRC,2019-04-30,DETERMINE RTK 100 TESTS,"HIV-1/2 Determine Rapid Test Kit, 100 Tests",RTK,3258.0,1120.3333333333333,2.9,"The next GHSC-RTK/RMI shipment is expected in May 2019 (Qty 6,000). There is 2 MOS available at facility level. "
DRC,DRC,2019-04-30,UNI-GOLD RTK 20 TESTS,"HIV-1/2 Uni-Gold Rapid Test Kit, 20 Tests",RTK,151.0,70.0,2.2,"The next GHSC-RTK/RMI shipments (Qtys 462 and 463) were expected in February 2019, but have not yet arrived. These orders are being expedited by RMI and are expected in May 2019. There is 2 MOS available at facility level. "
DRC,DRC,2019-04-30,VIKIA RTK 25 TESTS,"HIV-1/2 Vikia RTK, 25 Tests",RTK,172.0,63.333333333333336,2.7,GHSC-RTK/RMI shipment (Qty 825) was delivered on 5/6/2019. There is 3 MOS available at facility level. 
eSwatini,SWZ,2019-05-31,DETERMINE RTK 100 TESTS,"HIV-1/2 Determine Rapid Test Kit, 100 Tests",RTK,4526.0,271.0,16.7,
eSwatini,SWZ,2019-05-31,UNI-GOLD RTK 20 TESTS,"HIV-1/2 Uni-Gold Rapid Test Kit, 20 Tests",RTK,200.0,123.0,1.6,924 is on order. Delivery date is not confirmed. Efforts are still being made to get the information from the MOH procurement unit for the product. The product is funded by Global Fund.
eSwatini,SWZ,2019-05-31,ORAQUICK ADVANCE RTK 100 TESTS,"HIV-1/2 RTK, OraQuick ADVANCE Rapid Antibody Test, 100 Tests",RTK,24516.0,2642.5,9.3,
Ethiopia,ETH,2019-04-30,"STAT-PAK ASSAY RTK, 20 TESTS","HIV-1/2 RTK, STAT-PAK Assay, 20 Tests",RTK,70838.0,33372.67,2.1,
Ethiopia,ETH,2019-04-30,SD BIOLINE 3.0 RTK 25 TESTS,"HIV-1/2 SD Bioline 3.0, Rapid Test Kit, 25 Tests",RTK,14664.0,1158.3,12.7,
Ghana,GHA,2018-05-31,ORAQUICK ADVANCE RTK 100 TESTS,"HIV-1/2 RTK, OraQuick ADVANCE Rapid Antibody Test, 100 Tests",RTK,2272.75,85.33333333333333,26.6,
Ghana,GHA,2018-05-31,FIRST RESPONSE RTK 30 TESTS,"HIV-1/2.0 RTK, First Response v.3.0 Cards Kit, 30 Tests",RTK,32361.0,2360.666666666667,13.7,
Ghana,GHA,2018-06-30,ORAQUICK ADVANCE RTK 100 TESTS,"HIV-1/2 RTK, OraQuick ADVANCE Rapid Antibody Test, 100 Tests",RTK,2155.0,88.66666666666667,24.3,
Ghana,GHA,2018-06-30,FIRST RESPONSE RTK 30 TESTS,"HIV-1/2.0 RTK, First Response v.3.0 Cards Kit, 30 Tests",RTK,28984.0,2397.666666666667,12.1,
Ghana,GHA,2018-07-31,ORAQUICK ADVANCE RTK 100 TESTS,"HIV-1/2 RTK, OraQuick ADVANCE Rapid Antibody Test, 100 Tests",RTK,2124.0,88.66666666666667,24.0,
Ghana,GHA,2018-07-31,FIRST RESPONSE RTK 30 TESTS,"HIV-1/2.0 RTK, First Response v.3.0 Cards Kit, 30 Tests",RTK,29901.0,2397.666666666667,12.5,
Ghana,GHA,2018-08-31,ORAQUICK ADVANCE RTK 100 TESTS,"HIV-1/2 RTK, OraQuick ADVANCE Rapid Antibody Test, 100 Tests",RTK,1942.0,88.66666666666667,21.9,
Ghana,GHA,2018-08-31,FIRST RESPONSE RTK 30 TESTS,"HIV-1/2.0 RTK, First Response v.3.0 Cards Kit, 30 Tests",RTK,25521.0,2397.666666666667,10.6,
Ghana,GHA,2018-09-30,ORAQUICK ADVANCE RTK 100 TESTS,"HIV-1/2 RTK, OraQuick ADVANCE Rapid Antibody Test, 100 Tests",RTK,1828.0,88.66666666666667,20.6,
Ghana,GHA,2018-09-30,FIRST RESPONSE RTK 30 TESTS,"HIV-1/2.0 RTK, First Response v.3.0 Cards Kit, 30 Tests",RTK,20906.0,2397.666666666667,8.7,
Ghana,GHA,2018-10-31,ORAQUICK ADVANCE RTK 100 TESTS,"HIV-1/2 RTK, OraQuick ADVANCE Rapid Antibody Test, 100 Tests",RTK,2517.0,88.33333333333333,28.5,
Ghana,GHA,2018-10-31,FIRST RESPONSE RTK 30 TESTS,"HIV-1/2.0 RTK, First Response v.3.0 Cards Kit, 30 Tests",RTK,17851.0,2451.666666666667,7.3,
Ghana,GHA,2018-11-30,ORAQUICK ADVANCE RTK 100 TESTS,"HIV-1/2 RTK, OraQuick ADVANCE Rapid Antibody Test, 100 Tests",RTK,36246.0,1995.0,18.2,
Ghana,GHA,2018-11-30,FIRST RESPONSE RTK 30 TESTS,"HIV-1/2.0 RTK, First Response v.3.0 Cards Kit, 30 Tests",RTK,174669.0,131448.3333333333,1.3,
Ghana,GHA,2018-12-31,ORAQUICK ADVANCE RTK 100 TESTS,"HIV-1/2 RTK, OraQuick ADVANCE Rapid Antibody Test, 100 Tests",RTK,2488.0,104.6666666666667,23.8,
Ghana,GHA,2018-12-31,FIRST RESPONSE RTK 30 TESTS,"HIV-1/2.0 RTK, First Response v.3.0 Cards Kit, 30 Tests",RTK,13205.0,4136.333333333333,3.2,
Ghana,GHA,2019-01-31,ORAQUICK ADVANCE RTK 100 TESTS,"HIV-1/2 RTK, OraQuick ADVANCE Rapid Antibody Test, 100 Tests",RTK,2410.0,105.0,23.0,
Ghana,GHA,2019-01-31,FIRST RESPONSE RTK 30 TESTS,"HIV-1/2.0 RTK, First Response v.3.0 Cards Kit, 30 Tests",RTK,11615.0,4136.333333333333,2.8,
Ghana,GHA,2019-02-28,ORAQUICK ADVANCE RTK 100 TESTS,"HIV-1/2 RTK, OraQuick ADVANCE Rapid Antibody Test, 100 Tests",RTK,2250.0,107.3333333333333,21.0,
Ghana,GHA,2019-02-28,FIRST RESPONSE RTK 30 TESTS,"HIV-1/2.0 RTK, First Response v.3.0 Cards Kit, 30 Tests",RTK,13440.0,4080.333333333333,3.3,
Ghana,GHA,2019-03-31,ORAQUICK ADVANCE RTK 100 TESTS,"HIV-1/2 RTK, OraQuick ADVANCE Rapid Antibody Test, 100 Tests",RTK,1967.5,107.69,18.3,"FO uses projected AMI of 197, and therefore have only 10 MOS."
Ghana,GHA,2019-03-31,FIRST RESPONSE RTK 30 TESTS,"HIV-1/2.0 RTK, First Response v.3.0 Cards Kit, 30 Tests",RTK,14697.0,4080.333333333333,3.6,"Low in-country stocks. 700,800 pieces from GoG were delivered in February 2019. Additional quantities are expected to be procured by GoG; 703,200 (5th April, received) , 826,300 (May 2019) and 1,997,100 pieces (August 2019) and GF: 348,000 (June 2019). Regional stocks will improve with the upcoming distribution."
Ghana,GHA,2019-04-30,ORAQUICK ADVANCE RTK 100 TESTS,"HIV-1/2 RTK, OraQuick ADVANCE Rapid Antibody Test, 100 Tests",RTK,1878.15,229.6433333333333,8.2,
Ghana,GHA,2019-04-30,FIRST RESPONSE RTK 30 TESTS,"HIV-1/2.0 RTK, First Response v.3.0 Cards Kit, 30 Tests",RTK,14316.0,4318.036666666667,3.3,
Haiti,HTI,2018-08-31,DETERMINE RTK 100 TESTS,"HIV-1/2 Determine Rapid Test Kit, 100 Tests",RTK,1000800.0,85000.0,11.8,
Haiti,HTI,2018-08-31,UNI-GOLD RTK 20 TESTS,"HIV-1/2 Uni-Gold Rapid Test Kit, 20 Tests",RTK,10860.0,7660.0,1.4,
Haiti,HTI,2018-09-30,DETERMINE RTK 100 TESTS,"HIV-1/2 Determine Rapid Test Kit, 100 Tests",RTK,9703.0,765.0,12.7,
Haiti,HTI,2018-09-30,UNI-GOLD RTK 20 TESTS,"HIV-1/2 Uni-Gold Rapid Test Kit, 20 Tests",RTK,1206.0,349.3333333333333,3.5,
Haiti,HTI,2018-10-31,DETERMINE RTK 100 TESTS,"HIV-1/2 Determine Rapid Test Kit, 100 Tests",RTK,8547.0,765.0,11.2,
Haiti,HTI,2018-10-31,SD BIOLINE 3.0 RTK 100 TESTS,"HIV-1/2 SD Bioline 3.0 RTK, 100 Tests",RTK,4498.0,738.6666666666666,6.1,
Haiti,HTI,2018-10-31,UNI-GOLD RTK 20 TESTS,"HIV-1/2 Uni-Gold Rapid Test Kit, 20 Tests",RTK,810.0,349.6666666666667,2.3,
Haiti,HTI,2018-11-30,DETERMINE RTK 100 TESTS,"HIV-1/2 Determine Rapid Test Kit, 100 Tests",RTK,8343.0,780.0,10.7,
Haiti,HTI,2018-11-30,SD BIOLINE 3.0 RTK 100 TESTS,"HIV-1/2 SD Bioline 3.0 RTK, 100 Tests",RTK,4472.0,753.6666666666666,5.9,
Haiti,HTI,2018-11-30,UNI-GOLD RTK 20 TESTS,"HIV-1/2 Uni-Gold Rapid Test Kit, 20 Tests",RTK,791.0,340.6666666666667,2.3,
Haiti,HTI,2018-12-31,DETERMINE RTK 100 TESTS,"HIV-1/2 Determine Rapid Test Kit, 100 Tests",RTK,7456.0,705.0,10.6,
Haiti,HTI,2018-12-31,SD BIOLINE 3.0 RTK 100 TESTS,"HIV-1/2 SD Bioline 3.0 RTK, 100 Tests",RTK,3609.0,707.0,5.1,
Haiti,HTI,2018-12-31,UNI-GOLD RTK 20 TESTS,"HIV-1/2 Uni-Gold Rapid Test Kit, 20 Tests",RTK,1265.0,342.0,3.7,
Haiti,HTI,2019-01-31,DETERMINE RTK 100 TESTS,"HIV-1/2 Determine Rapid Test Kit, 100 Tests",RTK,4614.0,675.3333333333334,6.8,
Haiti,HTI,2019-01-31,SD BIOLINE 3.0 RTK 100 TESTS,"HIV-1/2 SD Bioline 3.0 RTK, 100 Tests",RTK,3609.0,647.0,5.6,
Haiti,HTI,2019-01-31,UNI-GOLD RTK 20 TESTS,"HIV-1/2 Uni-Gold Rapid Test Kit, 20 Tests",RTK,1265.0,316.3333333333333,4.0,
Haiti,HTI,2019-02-28,DETERMINE RTK 100 TESTS,"HIV-1/2 Determine Rapid Test Kit, 100 Tests",RTK,3386.0,693.3333333333334,4.9,
Haiti,HTI,2019-02-28,SD BIOLINE 3.0 RTK 100 TESTS,"HIV-1/2 SD Bioline 3.0 RTK, 100 Tests",RTK,2573.0,663.0,3.9,
Haiti,HTI,2019-02-28,UNI-GOLD RTK 20 TESTS,"HIV-1/2 Uni-Gold Rapid Test Kit, 20 Tests",RTK,485.0,341.0,1.4,
Haiti,HTI,2019-03-31,DETERMINE RTK 100 TESTS,"HIV-1/2 Determine Rapid Test Kit, 100 Tests",RTK,2019.0,693.3333333333334,2.9,"GHSC-RTK/RMI shipment (Qty 3,000) has been delivered and is not included in SOH. GHSC-RTK/RMI shipment (Qty 366,400) is expected in August 2019."
Haiti,HTI,2019-03-31,SD BIOLINE 3.0 RTK 100 TESTS,"HIV-1/2 SD Bioline 3.0 RTK, 100 Tests",RTK,1635.0,663.0,2.5,"GHSC-RTK shipment (Qty 4,000) was delivered on 4/5/2019."
Haiti,HTI,2019-03-31,UNI-GOLD RTK 20 TESTS,"HIV-1/2 Uni-Gold Rapid Test Kit, 20 Tests",RTK,1142.0,341.0,3.3,"GHSC-RTK/RMI shipment (Qty 21,640) is expected in May 2019."
Haiti,HTI,2019-04-30,DETERMINE RTK 100 TESTS,"HIV-1/2 Determine Rapid Test Kit, 100 Tests",RTK,1921.0,491.3333333333333,3.9,"GHSC-RTK/RMI shipment (Qty 3,000) has been delivered. GHSC-RTK/RMI shipment (Qty 366,400) is expected in June 2019. "
Haiti,HTI,2019-04-30,SD BIOLINE 3.0 RTK 100 TESTS,"HIV-1/2 SD Bioline 3.0 RTK, 100 Tests",RTK,5523.0,471.6666666666667,11.7,"GHSC-RTK shipment (Qty 2,864) is planned for June 2019. "
Haiti,HTI,2019-04-30,UNI-GOLD RTK 20 TESTS,"HIV-1/2 Uni-Gold Rapid Test Kit, 20 Tests",RTK,711.0,241.3333333333333,2.9,"GHSC-RTK/RMI shipment (Qty 21,640) is expected in June 2019. "
Lesotho,LSO,2018-08-31,DETERMINE RTK 100 TESTS,"HIV-1/2 Determine Rapid Test Kit, 100 Tests",RTK,8486.0,1358.0,6.2,
Lesotho,LSO,2018-08-31,UNI-GOLD RTK 20 TESTS,"HIV-1/2 Uni-Gold Rapid Test Kit, 20 Tests",RTK,3406.0,480.6666666666667,7.1,
Lesotho,LSO,2018-09-30,DETERMINE RTK 100 TESTS,"HIV-1/2 Determine Rapid Test Kit, 100 Tests",RTK,765100.0,102700.0,7.4,
Lesotho,LSO,2018-09-30,UNI-GOLD RTK 20 TESTS,"HIV-1/2 Uni-Gold Rapid Test Kit, 20 Tests",RTK,64580.0,8026.666666666667,8.0,
Lesotho,LSO,2018-10-31,DETERMINE RTK 100 TESTS,"HIV-1/2 Determine Rapid Test Kit, 100 Tests",RTK,7210.0,643.6666666666666,11.2,
Lesotho,LSO,2018-10-31,UNI-GOLD RTK 20 TESTS,"HIV-1/2 Uni-Gold Rapid Test Kit, 20 Tests",RTK,2993.0,341.0,8.8,
Lesotho,LSO,2018-11-30,DETERMINE RTK 100 TESTS,"HIV-1/2 Determine Rapid Test Kit, 100 Tests",RTK,5976.0,836.6666666666666,7.1,
Lesotho,LSO,2018-11-30,UNI-GOLD RTK 20 TESTS,"HIV-1/2 Uni-Gold Rapid Test Kit, 20 Tests",RTK,2826.0,289.6666666666667,9.8,
Lesotho,LSO,2018-12-31,DETERMINE RTK 100 TESTS,"HIV-1/2 Determine Rapid Test Kit, 100 Tests",RTK,3320.0,958.6666666666666,3.5,
Lesotho,LSO,2018-12-31,UNI-GOLD RTK 20 TESTS,"HIV-1/2 Uni-Gold Rapid Test Kit, 20 Tests",RTK,920.0,412.6666666666667,2.2,
Lesotho,LSO,2019-01-31,DETERMINE RTK 100 TESTS,"HIV-1/2 Determine Rapid Test Kit, 100 Tests",RTK,2001.0,1251.3333333333333,1.6,
Lesotho,LSO,2019-01-31,UNI-GOLD RTK 20 TESTS,"HIV-1/2 Uni-Gold Rapid Test Kit, 20 Tests",RTK,37.0,627.0,0.1,
Lesotho,LSO,2019-02-28,DETERMINE RTK 100 TESTS,"HIV-1/2 Determine Rapid Test Kit, 100 Tests",RTK,1165.0,1118.6666666666667,1.0,
Lesotho,LSO,2019-02-28,UNI-GOLD RTK 20 TESTS,"HIV-1/2 Uni-Gold Rapid Test Kit, 20 Tests",RTK,0.0,583.3333333333334,0,
Lesotho,LSO,2019-03-31,DETERMINE RTK 100 TESTS,"HIV-1/2 Determine Rapid Test Kit, 100 Tests",RTK,7566.0,966.0,7.8,"Global Fund shipment (Qty 7,441) was received on 3/28/2019."
Lesotho,LSO,2019-03-31,UNI-GOLD RTK 20 TESTS,"HIV-1/2 Uni-Gold Rapid Test Kit, 20 Tests",RTK,1494.0,310.0,4.8,"Global Fund shipment (Qty 1,494) was received on 3/28/2019."
Lesotho,LSO,2019-04-30,DETERMINE RTK 100 TESTS,"HIV-1/2 Determine Rapid Test Kit, 100 Tests",RTK,6950.0,831.3333333333334,8.4,
Lesotho,LSO,2019-04-30,UNI-GOLD RTK 20 TESTS,"HIV-1/2 Uni-Gold Rapid Test Kit, 20 Tests",RTK,382.0,386.3333333333333,1.0,"The batch which was in the SDPs expired in April and there was increased distribution in from CMS. GF shipment (Qty 3,616) is planned, but does not have a confirmed delivery date yet. "
Mozambique,MOZ,2018-05-31,DETERMINE RTK 100 TESTS,"HIV-1/2 Determine Rapid Test Kit, 100 Tests",RTK,36912.0,7361.0,5.0,
Mozambique,MOZ,2018-05-31,UNI-GOLD RTK 20 TESTS,"HIV-1/2 Uni-Gold Rapid Test Kit, 20 Tests",RTK,22044.0,2930.666666666667,7.5,
Mozambique,MOZ,2018-06-30,DETERMINE RTK 100 TESTS,"HIV-1/2 Determine Rapid Test Kit, 100 Tests",RTK,36374.0,7522.333333333333,4.8,
Mozambique,MOZ,2018-06-30,UNI-GOLD RTK 20 TESTS,"HIV-1/2 Uni-Gold Rapid Test Kit, 20 Tests",RTK,24472.0,3319.333333333333,7.4,
Mozambique,MOZ,2018-07-31,DETERMINE RTK 100 TESTS,"HIV-1/2 Determine Rapid Test Kit, 100 Tests",RTK,34660.0,7798.333333333333,4.4,
Mozambique,MOZ,2018-07-31,UNI-GOLD RTK 20 TESTS,"HIV-1/2 Uni-Gold Rapid Test Kit, 20 Tests",RTK,22489.0,3366.0,6.7,
Mozambique,MOZ,2018-08-31,DETERMINE RTK 100 TESTS,"HIV-1/2 Determine Rapid Test Kit, 100 Tests",RTK,26436.0,7736.666666666667,3.4,
Mozambique,MOZ,2018-08-31,UNI-GOLD RTK 20 TESTS,"HIV-1/2 Uni-Gold Rapid Test Kit, 20 Tests",RTK,19259.0,3270.0,5.9,
Mozambique,MOZ,2018-09-30,DETERMINE RTK 100 TESTS,"HIV-1/2 Determine Rapid Test Kit, 100 Tests",RTK,27634.0,7580.0,3.6,
Mozambique,MOZ,2018-09-30,UNI-GOLD RTK 20 TESTS,"HIV-1/2 Uni-Gold Rapid Test Kit, 20 Tests",RTK,15742.0,2876.666666666667,5.5,
Mozambique,MOZ,2018-10-31,DETERMINE RTK 100 TESTS,"HIV-1/2 Determine Rapid Test Kit, 100 Tests",RTK,34115.0,7381.333333333333,4.6,
Mozambique,MOZ,2018-10-31,UNI-GOLD RTK 20 TESTS,"HIV-1/2 Uni-Gold Rapid Test Kit, 20 Tests",RTK,16453.0,2863.666666666667,5.7,
Mozambique,MOZ,2018-11-30,DETERMINE RTK 100 TESTS,"HIV-1/2 Determine Rapid Test Kit, 100 Tests",RTK,28195.0,7130.0,4.0,
Mozambique,MOZ,2018-11-30,UNI-GOLD RTK 20 TESTS,"HIV-1/2 Uni-Gold Rapid Test Kit, 20 Tests",RTK,14310.0,2828.0,5.1,
Mozambique,MOZ,2018-12-31,DETERMINE RTK 100 TESTS,"HIV-1/2 Determine Rapid Test Kit, 100 Tests",RTK,32079.0,7268.0,4.4,
Mozambique,MOZ,2018-12-31,UNI-GOLD RTK 20 TESTS,"HIV-1/2 Uni-Gold Rapid Test Kit, 20 Tests",RTK,11896.0,2773.0,4.3,
Mozambique,MOZ,2019-01-31,DETERMINE RTK 100 TESTS,"HIV-1/2 Determine Rapid Test Kit, 100 Tests",RTK,24724.0,7124.333333333333,3.5,
Mozambique,MOZ,2019-01-31,UNI-GOLD RTK 20 TESTS,"HIV-1/2 Uni-Gold Rapid Test Kit, 20 Tests",RTK,15414.0,2716.666666666667,5.7,
Mozambique,MOZ,2019-02-28,DETERMINE RTK 100 TESTS,"HIV-1/2 Determine Rapid Test Kit, 100 Tests",RTK,14587.0,6658.0,2.2,
Mozambique,MOZ,2019-02-28,UNI-GOLD RTK 20 TESTS,"HIV-1/2 Uni-Gold Rapid Test Kit, 20 Tests",RTK,11678.0,2651.0,4.4,
Mozambique,MOZ,2019-03-31,DETERMINE RTK 100 TESTS,"HIV-1/2 Determine Rapid Test Kit, 100 Tests",RTK,12775.0,6874.0,1.9,"GHSC-RTK/RMI (Qty 16,000) was delivered on 3/20/2019 and is not included in SOH. GF shipment (Qty 14,200) was delivered on 4/17/2019. GHSC-RTK/RMI (Qty 1,116,700 and 3,300,000) are expected in June 2019 and December 2019. There is 1 MOS available at facility level at end March."
Mozambique,MOZ,2019-03-31,UNI-GOLD RTK 20 TESTS,"HIV-1/2 Uni-Gold Rapid Test Kit, 20 Tests",RTK,7919.0,3073.333333333333,2.6,"GHSC-RTK/RMI shipment (Qty 5,650) was delivered on 4/29/2019. GHSC-RTK/RMI shipments (Qty 174,800 and 108,220 tests) are expected  in December and June 2019. There are 0.5 MOS available at facility level at end March."
Mozambique,MOZ,2019-04-30,DETERMINE RTK 100 TESTS,"HIV-1/2 Determine Rapid Test Kit, 100 Tests",RTK,34283.0,10198.0,3.4,"GHSC-RTK/RMI (Qty 16,000) was delivered on 3/20/2019. GF shipment (Qty 14,200) was delivered on 4/17/2019. GHSC-RTK/RMI (Qty 1,116,700 and 3,300,000) are expected in June 2019 and December 2019. GHSC-RTK/RMI (Qty 1,116,700 and 3,300,000) are expected in June 2019 and December 2019. "
Mozambique,MOZ,2019-04-30,UNI-GOLD RTK 20 TESTS,"HIV-1/2 Uni-Gold Rapid Test Kit, 20 Tests",RTK,6093.0,4822.5,1.3,"GHSC-RTK/RMI (Qty 5,700) arrived on 4/9/2019. Global Fund shipment (Qty 5,650) arrived on 4/29/2019. Neither of these shipments is included in SOH. The next GHSC-RTK/RMI shipments (Qtys 5,411 and 8,740) are expected in June and September 2019. There were 0.3 MOS at facility level as of end March. "
Namibia,NAM,2018-10-31,SURE CHECK RTK 25 TESTS,"HIV-1/2 Sure Check Rapid Test Kits, 25 Tests",RTK,33.0,994.0,0.0,
Namibia,NAM,2018-10-31,UNI-GOLD RTK 20 TESTS,"HIV-1/2 Uni-Gold Rapid Test Kit, 20 Tests",RTK,1765.0,69.0,25.6,
Namibia,NAM,2018-11-30,SURE CHECK RTK 25 TESTS,"HIV-1/2 Sure Check Rapid Test Kits, 25 Tests",RTK,33.0,994.0,0.0,
Namibia,NAM,2018-11-30,UNI-GOLD RTK 20 TESTS,"HIV-1/2 Uni-Gold Rapid Test Kit, 20 Tests",RTK,1765.0,69.0,25.6,
Namibia,NAM,2018-12-31,COLLOIDAL AU RTK 50 TESTS,"HIV-1/2 Rapid Antibody Test (Colloidal Gold Device), 50 Tests",RTK,1616.0,2168.0,0.7,
Namibia,NAM,2018-12-31,SURE CHECK RTK 25 TESTS,"HIV-1/2 Sure Check Rapid Test Kits, 25 Tests",RTK,0.0,0.0,0,
Namibia,NAM,2018-12-31,UNI-GOLD RTK 20 TESTS,"HIV-1/2 Uni-Gold Rapid Test Kit, 20 Tests",RTK,235.0,88.33333333333333,2.7,
Namibia,NAM,2019-01-31,COLLOIDAL AU RTK 50 TESTS,"HIV-1/2 Rapid Antibody Test (Colloidal Gold Device), 50 Tests",RTK,1616.0,1239.333333333333,1.3,
Namibia,NAM,2019-01-31,SURE CHECK RTK 25 TESTS,"HIV-1/2 Sure Check Rapid Test Kits, 25 Tests",RTK,0.0,11.0,0,
Namibia,NAM,2019-01-31,UNI-GOLD RTK 20 TESTS,"HIV-1/2 Uni-Gold Rapid Test Kit, 20 Tests",RTK,235.0,325.0,0.7,
Namibia,NAM,2019-02-28,COLLOIDAL AU RTK 50 TESTS,"HIV-1/2 Rapid Antibody Test (Colloidal Gold Device), 50 Tests",RTK,5624.0,1653.666666666667,3.4,
Namibia,NAM,2019-02-28,SURE CHECK RTK 25 TESTS,"HIV-1/2 Sure Check Rapid Test Kits, 25 Tests",RTK,0.0,20.0,0,
Namibia,NAM,2019-02-28,UNI-GOLD RTK 20 TESTS,"HIV-1/2 Uni-Gold Rapid Test Kit, 20 Tests",RTK,0.0,525.0,0,
Namibia,NAM,2019-03-31,COLLOIDAL AU RTK 50 TESTS,"HIV-1/2 Rapid Antibody Test (Colloidal Gold Device), 50 Tests",RTK,4208.0,1765.0,2.4,"Outstanding order of 8,000 received in February. The MoHSS is currently organizing a direct procurement."
Namibia,NAM,2019-03-31,SURE CHECK RTK 25 TESTS,"HIV-1/2 Sure Check Rapid Test Kits, 25 Tests",RTK,0.0,11.0,0,"Stock out due to change in testing algorithm in October. Sure check changed from screening test to tie-break. Stocked out at CMS, however, about 6 months of stock available at facilities and regional stores. There are no planned shipments as enough stock available at facilities. Facility stock to be re-distributed to ensure stock available at testing sites."
Namibia,NAM,2019-03-31,UNI-GOLD RTK 20 TESTS,"HIV-1/2 Uni-Gold Rapid Test Kit, 20 Tests",RTK,754.0,274.3333333333333,2.7,"1,250 units received in March."
Namibia,NAM,2019-05-31,UNI-GOLD RTK 20 TESTS,"HIV-1/2 Uni-Gold Rapid Test Kit, 20 Tests",RTK,215.0,175.0,1.2,
Namibia,NAM,2019-05-31,COLLOIDAL AU RTK 50 TESTS,"HIV-1/2 Rapid Antibody Test (Colloidal Gold Device), 50 Tests",RTK,1190.0,1719.0,0.7,"A procurement requisition is currently being processed to procure 9,400 units."
Namibia,NAM,2019-05-31,SURE CHECK RTK 25 TESTS,"HIV-1/2 Sure Check Rapid Test Kits, 25 Tests",RTK,0.0,0.0,0,There is about one months stock at the lower levels. A procurement requisition is being processed for procurement of 500 units.
Nigeria,NGA,2018-06-30,DETERMINE RTK 100 TESTS,"HIV-1/2 Determine Rapid Test Kit, 100 Tests",RTK,43078.0,11473.0,3.8,
Nigeria,NGA,2018-06-30,UNI-GOLD RTK 20 TESTS,"HIV-1/2 Uni-Gold Rapid Test Kit, 20 Tests",RTK,11172.0,1767.0,6.3,
Nigeria,NGA,2018-06-30,"STAT-PAK ASSAY RTK, 20 TESTS","HIV-1/2 RTK, STAT-PAK Assay, 20 Tests",RTK,5863.0,481.0,12.2,
Nigeria,NGA,2018-08-31,DETERMINE RTK 100 TESTS,"HIV-1/2 Determine Rapid Test Kit, 100 Tests",RTK,15632.0,14341.0,1.1,
Nigeria,NGA,2018-08-31,UNI-GOLD RTK 20 TESTS,"HIV-1/2 Uni-Gold Rapid Test Kit, 20 Tests",RTK,2622.0,2412.0,1.1,
Nigeria,NGA,2018-08-31,"STAT-PAK ASSAY RTK, 20 TESTS","HIV-1/2 RTK, STAT-PAK Assay, 20 Tests",RTK,4290.0,562.6666666666666,7.6,
Nigeria,NGA,2018-10-31,DETERMINE RTK 100 TESTS,"HIV-1/2 Determine Rapid Test Kit, 100 Tests",RTK,54576.0,13236.0,4.1,
Nigeria,NGA,2018-10-31,UNI-GOLD RTK 20 TESTS,"HIV-1/2 Uni-Gold Rapid Test Kit, 20 Tests",RTK,1909.0,2009.333333333333,1.0,
Nigeria,NGA,2018-10-31,"STAT-PAK ASSAY RTK, 20 TESTS","HIV-1/2 RTK, STAT-PAK Assay, 20 Tests",RTK,2312.0,500.0,4.6,
Nigeria,NGA,2018-12-31,DETERMINE RTK 100 TESTS,"HIV-1/2 Determine Rapid Test Kit, 100 Tests",RTK,20544.0,7795.333333333333,2.6,
Nigeria,NGA,2018-12-31,UNI-GOLD RTK 20 TESTS,"HIV-1/2 Uni-Gold Rapid Test Kit, 20 Tests",RTK,17498.0,1254.0,14.0,
Nigeria,NGA,2018-12-31,"STAT-PAK ASSAY RTK, 20 TESTS","HIV-1/2 RTK, STAT-PAK Assay, 20 Tests",RTK,1842.0,412.0,4.5,
Nigeria,NGA,2019-02-28,DETERMINE RTK 100 TESTS,"HIV-1/2 Determine Rapid Test Kit, 100 Tests",RTK,70353.0,9699.0,7.3,
Nigeria,NGA,2019-02-28,UNI-GOLD RTK 20 TESTS,"HIV-1/2 Uni-Gold Rapid Test Kit, 20 Tests",RTK,21200.0,1447.0,14.7,
Nigeria,NGA,2019-02-28,"STAT-PAK ASSAY RTK, 20 TESTS","HIV-1/2 RTK, STAT-PAK Assay, 20 Tests",RTK,4424.0,470.0,9.4,
Rwanda,RWA,2018-08-31,DETERMINE RTK 100 TESTS,"HIV-1/2 Determine Rapid Test Kit, 100 Tests",RTK,20793.0,3480.0,6.0,
Rwanda,RWA,2018-08-31,"STAT-PAK ASSAY RTK, 20 TESTS","HIV-1/2 RTK, STAT-PAK Assay, 20 Tests",RTK,2591.0,307.0,8.4,
Rwanda,RWA,2018-09-30,DETERMINE RTK 100 TESTS,"HIV-1/2 Determine Rapid Test Kit, 100 Tests",RTK,15272.0,3480.0,4.4,
Rwanda,RWA,2018-09-30,"STAT-PAK ASSAY RTK, 20 TESTS","HIV-1/2 RTK, STAT-PAK Assay, 20 Tests",RTK,3988.0,307.0,13.0,
Rwanda,RWA,2018-10-31,DETERMINE RTK 100 TESTS,"HIV-1/2 Determine Rapid Test Kit, 100 Tests",RTK,12626.0,3480.0,3.6,
Rwanda,RWA,2018-10-31,"STAT-PAK ASSAY RTK, 20 TESTS","HIV-1/2 RTK, STAT-PAK Assay, 20 Tests",RTK,5540.0,307.0,18.0,
Rwanda,RWA,2018-11-30,DETERMINE RTK 100 TESTS,"HIV-1/2 Determine Rapid Test Kit, 100 Tests",RTK,10720.0,3480.0,3.1,
Rwanda,RWA,2018-11-30,"STAT-PAK ASSAY RTK, 20 TESTS","HIV-1/2 RTK, STAT-PAK Assay, 20 Tests",RTK,5333.0,307.0,17.4,
Rwanda,RWA,2018-12-31,DETERMINE RTK 100 TESTS,"HIV-1/2 Determine Rapid Test Kit, 100 Tests",RTK,23307.0,3480.0,6.7,
Rwanda,RWA,2018-12-31,"STAT-PAK ASSAY RTK, 20 TESTS","HIV-1/2 RTK, STAT-PAK Assay, 20 Tests",RTK,5071.0,307.0,16.5,
Rwanda,RWA,2019-01-31,DETERMINE RTK 100 TESTS,"HIV-1/2 Determine Rapid Test Kit, 100 Tests",RTK,20024.0,3480.0,5.8,
Rwanda,RWA,2019-01-31,"STAT-PAK ASSAY RTK, 20 TESTS","HIV-1/2 RTK, STAT-PAK Assay, 20 Tests",RTK,4792.0,307.0,15.6,
Rwanda,RWA,2019-02-28,DETERMINE RTK 100 TESTS,"HIV-1/2 Determine Rapid Test Kit, 100 Tests",RTK,16698.0,3480.0,4.8,There is a GF shipment expected at the end of March 2019. the arrival of this shipment will return the stock levels to above minimum. The eLMIS  consumption data for this item are not reliable and therefore we have used the monthly distribution data from central medical store to District pharmacies
Rwanda,RWA,2019-02-28,"STAT-PAK ASSAY RTK, 20 TESTS","HIV-1/2 RTK, STAT-PAK Assay, 20 Tests",RTK,4523.0,307.0,14.7,Both procurement entities brought their shipments forward in an effort to prevent a stock out for occurring. Future shipments were planned to take into account this overstock.
Rwanda,RWA,2019-03-31,DETERMINE RTK 100 TESTS,"HIV-1/2 Determine Rapid Test Kit, 100 Tests",RTK,18748.96,3591.333333333333,5.2,
Rwanda,RWA,2019-03-31,"STAT-PAK ASSAY RTK, 20 TESTS","HIV-1/2 RTK, STAT-PAK Assay, 20 Tests",RTK,4102.3,337.6666666666667,12.1,
Rwanda,RWA,2019-04-30,DETERMINE RTK 100 TESTS,"HIV-1/2 Determine Rapid Test Kit, 100 Tests",RTK,16894.3,3480.0,4.9,"A GF shipment of 20,700 packs expected to arrive at the end of July 2019. this will return the system to above minimum level. "
Rwanda,RWA,2019-04-30,"STAT-PAK ASSAY RTK, 20 TESTS","HIV-1/2 RTK, STAT-PAK Assay, 20 Tests",RTK,3912.25,307.0,12.7,
Uganda-JMS,UG1,2018-05-31,DETERMINE RTK 100 TESTS,"HIV-1/2 Determine Rapid Test Kit, 100 Tests",RTK,11392.0,1697.0,6.7,
Uganda-JMS,UG1,2018-05-31,SD BIOLINE 3.0 RTK 25 TESTS,"HIV-1/2 SD Bioline 3.0, Rapid Test Kit, 25 Tests",RTK,2574.0,423.0,6.1,
Uganda-JMS,UG1,2018-05-31,"STAT-PAK ASSAY RTK, 30 TESTS","HIV-1/2 RTK, STAT-PAK Assay, 30 Tests",RTK,1141.0,554.0,2.1,
Uganda-JMS,UG1,2018-06-30,DETERMINE RTK 100 TESTS,"HIV-1/2 Determine Rapid Test Kit, 100 Tests",RTK,9159.0,1697.0,5.4,
Uganda-JMS,UG1,2018-06-30,SD BIOLINE 3.0 RTK 25 TESTS,"HIV-1/2 SD Bioline 3.0, Rapid Test Kit, 25 Tests",RTK,2550.0,423.0,6.0,
Uganda-JMS,UG1,2018-06-30,"STAT-PAK ASSAY RTK, 30 TESTS","HIV-1/2 RTK, STAT-PAK Assay, 30 Tests",RTK,621.0,554.0,1.1,
Uganda-JMS,UG1,2018-07-31,DETERMINE RTK 100 TESTS,"HIV-1/2 Determine Rapid Test Kit, 100 Tests",RTK,7511.0,1697.0,4.4,
Uganda-JMS,UG1,2018-07-31,SD BIOLINE 3.0 RTK 25 TESTS,"HIV-1/2 SD Bioline 3.0, Rapid Test Kit, 25 Tests",RTK,3233.0,423.0,7.6,
Uganda-JMS,UG1,2018-07-31,"STAT-PAK ASSAY RTK, 30 TESTS","HIV-1/2 RTK, STAT-PAK Assay, 30 Tests",RTK,1196.0,554.0,2.2,
Uganda-JMS,UG1,2018-08-31,DETERMINE RTK 100 TESTS,"HIV-1/2 Determine Rapid Test Kit, 100 Tests",RTK,4987.0,1697.0,2.9,
Uganda-JMS,UG1,2018-08-31,SD BIOLINE 3.0 RTK 25 TESTS,"HIV-1/2 SD Bioline 3.0, Rapid Test Kit, 25 Tests",RTK,2931.0,423.0,6.9,
Uganda-JMS,UG1,2018-08-31,"STAT-PAK ASSAY RTK, 30 TESTS","HIV-1/2 RTK, STAT-PAK Assay, 30 Tests",RTK,517.0,554.0,0.9,
Uganda-JMS,UG1,2018-09-30,DETERMINE RTK 100 TESTS,"HIV-1/2 Determine Rapid Test Kit, 100 Tests",RTK,28300.0,10771.0,2.6,
Uganda-JMS,UG1,2018-09-30,SD BIOLINE 3.0 RTK 25 TESTS,"HIV-1/2 SD Bioline 3.0, Rapid Test Kit, 25 Tests",RTK,8202.0,1052.0,7.8,
Uganda-JMS,UG1,2018-09-30,"STAT-PAK ASSAY RTK, 30 TESTS","HIV-1/2 RTK, STAT-PAK Assay, 30 Tests",RTK,6050.0,1422.0,4.3,
Uganda-JMS,UG1,2018-10-31,DETERMINE RTK 100 TESTS,"HIV-1/2 Determine Rapid Test Kit, 100 Tests",RTK,28110.0,11235.0,2.5,
Uganda-JMS,UG1,2018-10-31,SD BIOLINE 3.0 RTK 25 TESTS,"HIV-1/2 SD Bioline 3.0, Rapid Test Kit, 25 Tests",RTK,10771.0,1120.0,9.6,
Uganda-JMS,UG1,2018-10-31,"STAT-PAK ASSAY RTK, 30 TESTS","HIV-1/2 RTK, STAT-PAK Assay, 30 Tests",RTK,10606.0,1607.0,6.6,
Uganda-JMS,UG1,2018-11-30,DETERMINE RTK 100 TESTS,"HIV-1/2 Determine Rapid Test Kit, 100 Tests",RTK,5497.0,2774.0,2.0,
Uganda-JMS,UG1,2018-11-30,SD BIOLINE 3.0 RTK 25 TESTS,"HIV-1/2 SD Bioline 3.0, Rapid Test Kit, 25 Tests",RTK,2397.0,282.0,8.5,
Uganda-JMS,UG1,2018-11-30,"STAT-PAK ASSAY RTK, 30 TESTS","HIV-1/2 RTK, STAT-PAK Assay, 30 Tests",RTK,323.0,608.0,0.5,
Uganda-JMS,UG1,2018-12-31,DETERMINE RTK 100 TESTS,"HIV-1/2 Determine Rapid Test Kit, 100 Tests",RTK,12440.0,2774.0,4.5,
Uganda-JMS,UG1,2018-12-31,SD BIOLINE 3.0 RTK 25 TESTS,"HIV-1/2 SD Bioline 3.0, Rapid Test Kit, 25 Tests",RTK,3770.0,282.0,13.4,
Uganda-JMS,UG1,2018-12-31,"STAT-PAK ASSAY RTK, 30 TESTS","HIV-1/2 RTK, STAT-PAK Assay, 30 Tests",RTK,1843.0,608.0,3.0,
Uganda-JMS,UG1,2019-02-28,DETERMINE RTK 100 TESTS,"HIV-1/2 Determine Rapid Test Kit, 100 Tests",RTK,11126.0,2001.0,5.6,
Uganda-JMS,UG1,2019-02-28,SD BIOLINE 3.0 RTK 25 TESTS,"HIV-1/2 SD Bioline 3.0, Rapid Test Kit, 25 Tests",RTK,3442.0,282.0,12.2,
Uganda-JMS,UG1,2019-02-28,"STAT-PAK ASSAY RTK, 30 TESTS","HIV-1/2 RTK, STAT-PAK Assay, 30 Tests",RTK,1899.0,608.0,3.1,
Uganda-JMS,UG1,2019-03-31,DETERMINE RTK 100 TESTS,"HIV-1/2 Determine Rapid Test Kit, 100 Tests",RTK,8486.0,2001.0,4.2,"The formulation has low stock but with no risk of stock out. New GHSC-RTK/RMI shipments have been created for May 2019 (Qty 10,487)."
Uganda-JMS,UG1,2019-03-31,SD BIOLINE 3.0 RTK 25 TESTS,"HIV-1/2 SD Bioline 3.0, Rapid Test Kit, 25 Tests",RTK,2935.0,282.0,10.4,No comment.
Uganda-JMS,UG1,2019-03-31,"STAT-PAK ASSAY RTK, 30 TESTS","HIV-1/2 RTK, STAT-PAK Assay, 30 Tests",RTK,1554.0,608.0,2.6,"The formulation is under stocked, however there is no risk of stock out. The understock is due to Qt 3,467 not being delivered in January as initally planned. RMI indiciated that orders placed exceeded available funds and quote quantities had to be re-adjusted to fit within the budget. New GHSC-RTK/RMI shipments (Qty 2,662 and 3,467) were created wtih requested dates of delivery (RDD) of May 2019 and August 2019 respectively. New orders of Qty 2,313 placed with RDD of September 2019, ADD to be confirmed. There is adequate facility level stock. Only 38% of facilities had stockouts as of the end of January 2019, while 62% of facilities had stock."
Uganda-JMS,UG1,2019-04-30,DETERMINE RTK 100 TESTS,"HIV-1/2 Determine Rapid Test Kit, 100 Tests",RTK,2247.0,2827.0,0.8,Formulation under stocked but June shipment is on track. 
Uganda-JMS,UG1,2019-04-30,SD BIOLINE 3.0 RTK 25 TESTS,"HIV-1/2 SD Bioline 3.0, Rapid Test Kit, 25 Tests",RTK,2714.0,273.0,9.9,Formulation is over stock but consumption is being monitored.
Uganda-JMS,UG1,2019-04-30,"STAT-PAK ASSAY RTK, 30 TESTS","HIV-1/2 RTK, STAT-PAK Assay, 30 Tests",RTK,1212.0,608.0,2.0,Formulation is understocked with no risk of stock out since June shipment is on track.
Uganda-MAUL,UG2,2018-05-31,DETERMINE RTK 100 TESTS,"HIV-1/2 Determine Rapid Test Kit, 100 Tests",RTK,10080.0,1470.0,6.9,
Uganda-MAUL,UG2,2018-05-31,SD BIOLINE 3.0 RTK 25 TESTS,"HIV-1/2 SD Bioline 3.0, Rapid Test Kit, 25 Tests",RTK,574.0,110.0,5.2,
Uganda-MAUL,UG2,2018-05-31,"STAT-PAK ASSAY RTK, 30 TESTS","HIV-1/2 RTK, STAT-PAK Assay, 30 Tests",RTK,2491.0,332.0,7.5,
Uganda-MAUL,UG2,2018-08-31,DETERMINE RTK 100 TESTS,"HIV-1/2 Determine Rapid Test Kit, 100 Tests",RTK,6225.0,1594.0,3.9,
Uganda-MAUL,UG2,2018-08-31,SD BIOLINE 3.0 RTK 25 TESTS,"HIV-1/2 SD Bioline 3.0, Rapid Test Kit, 25 Tests",RTK,442.0,78.0,5.7,
Uganda-MAUL,UG2,2018-08-31,"STAT-PAK ASSAY RTK, 30 TESTS","HIV-1/2 RTK, STAT-PAK Assay, 30 Tests",RTK,1722.0,310.0,5.6,
Uganda-MAUL,UG2,2018-10-31,DETERMINE RTK 100 TESTS,"HIV-1/2 Determine Rapid Test Kit, 100 Tests",RTK,10726.0,2286.0,4.7,
Uganda-MAUL,UG2,2018-10-31,SD BIOLINE 3.0 RTK 25 TESTS,"HIV-1/2 SD Bioline 3.0, Rapid Test Kit, 25 Tests",RTK,440.0,177.0,2.5,
Uganda-MAUL,UG2,2018-10-31,"STAT-PAK ASSAY RTK, 30 TESTS","HIV-1/2 RTK, STAT-PAK Assay, 30 Tests",RTK,1183.0,912.0,1.3,
Uganda-MAUL,UG2,2019-01-31,DETERMINE RTK 100 TESTS,"HIV-1/2 Determine Rapid Test Kit, 100 Tests",RTK,9819.0,2286.0,4.3,
Uganda-MAUL,UG2,2019-01-31,SD BIOLINE 3.0 RTK 25 TESTS,"HIV-1/2 SD Bioline 3.0, Rapid Test Kit, 25 Tests",RTK,215.0,177.0,1.2,
Uganda-MAUL,UG2,2019-01-31,"STAT-PAK ASSAY RTK, 30 TESTS","HIV-1/2 RTK, STAT-PAK Assay, 30 Tests",RTK,2132.0,912.0,2.3,
Uganda-MAUL,UG2,2019-03-31,DETERMINE RTK 100 TESTS,"HIV-1/2 Determine Rapid Test Kit, 100 Tests",RTK,12592.0,8884.0,1.4,"The formulation is under stocked, with no risk of stock out. Orders to be placed."
Uganda-MAUL,UG2,2019-03-31,SD BIOLINE 3.0 RTK 25 TESTS,"HIV-1/2 SD Bioline 3.0, Rapid Test Kit, 25 Tests",RTK,13161.0,1190.0,11.1,Orders to be placed.
Uganda-MAUL,UG2,2019-03-31,"STAT-PAK ASSAY RTK, 30 TESTS","HIV-1/2 RTK, STAT-PAK Assay, 30 Tests",RTK,7900.0,1046.0,7.6,Orders to be placed.
Uganda-MAUL,UG2,2019-04-30,DETERMINE RTK 100 TESTS,"HIV-1/2 Determine Rapid Test Kit, 100 Tests",RTK,6850.0,1036.0,6.6,Formulation is over stocked but with no risk of expiry.
Uganda-MAUL,UG2,2019-04-30,SD BIOLINE 3.0 RTK 25 TESTS,"HIV-1/2 SD Bioline 3.0, Rapid Test Kit, 25 Tests",RTK,215.0,58.0,3.7,
Uganda-MAUL,UG2,2019-04-30,"STAT-PAK ASSAY RTK, 30 TESTS","HIV-1/2 RTK, STAT-PAK Assay, 30 Tests",RTK,2357.0,292.0,8.1,Formulation is over stocked but with no risk of expiry.
Uganda-NMS,UG3,2018-06-30,DETERMINE RTK 100 TESTS,"HIV-1/2 Determine Rapid Test Kit, 100 Tests",RTK,28304.0,7658.0,3.7,
Uganda-NMS,UG3,2018-06-30,SD BIOLINE 3.0 RTK 25 TESTS,"HIV-1/2 SD Bioline 3.0, Rapid Test Kit, 25 Tests",RTK,10009.0,1003.0,10.0,
Uganda-NMS,UG3,2018-06-30,"STAT-PAK ASSAY RTK, 30 TESTS","HIV-1/2 RTK, STAT-PAK Assay, 30 Tests",RTK,2131.0,1637.0,1.3,
Uganda-NMS,UG3,2018-08-31,DETERMINE RTK 100 TESTS,"HIV-1/2 Determine Rapid Test Kit, 100 Tests",RTK,14731.0,8598.0,1.7,
Uganda-NMS,UG3,2018-08-31,SD BIOLINE 3.0 RTK 25 TESTS,"HIV-1/2 SD Bioline 3.0, Rapid Test Kit, 25 Tests",RTK,9264.0,1042.0,8.9,
Uganda-NMS,UG3,2018-08-31,"STAT-PAK ASSAY RTK, 30 TESTS","HIV-1/2 RTK, STAT-PAK Assay, 30 Tests",RTK,5566.0,1700.0,3.3,
Uganda-NMS,UG3,2018-10-31,DETERMINE RTK 100 TESTS,"HIV-1/2 Determine Rapid Test Kit, 100 Tests",RTK,28110.0,11235.0,2.5,
Uganda-NMS,UG3,2018-10-31,SD BIOLINE 3.0 RTK 25 TESTS,"HIV-1/2 SD Bioline 3.0, Rapid Test Kit, 25 Tests",RTK,10771.0,1120.0,9.6,
Uganda-NMS,UG3,2018-10-31,"STAT-PAK ASSAY RTK, 30 TESTS","HIV-1/2 RTK, STAT-PAK Assay, 30 Tests",RTK,10606.0,1607.0,6.6,
Uganda-NMS,UG3,2019-01-31,DETERMINE RTK 100 TESTS,"HIV-1/2 Determine Rapid Test Kit, 100 Tests",RTK,13774.0,8556.0,1.6,
Uganda-NMS,UG3,2019-01-31,SD BIOLINE 3.0 RTK 25 TESTS,"HIV-1/2 SD Bioline 3.0, Rapid Test Kit, 25 Tests",RTK,10136.0,1178.0,8.6,
Uganda-NMS,UG3,2019-01-31,"STAT-PAK ASSAY RTK, 30 TESTS","HIV-1/2 RTK, STAT-PAK Assay, 30 Tests",RTK,8538.0,1213.0,7.0,
Uganda-NMS,UG3,2019-03-31,DETERMINE RTK 100 TESTS,"HIV-1/2 Determine Rapid Test Kit, 100 Tests",RTK,12592.0,8884.0,1.4,"The formulation is under stocked but 2,695 shipment delivered  at NMS in Oct18. 17,506 shipment delivered to NMS. 8,202 shipment delivered to JMS."
Uganda-NMS,UG3,2019-03-31,SD BIOLINE 3.0 RTK 25 TESTS,"HIV-1/2 SD Bioline 3.0, Rapid Test Kit, 25 Tests",RTK,13161.0,1190.0,11.1,
Uganda-NMS,UG3,2019-03-31,"STAT-PAK ASSAY RTK, 30 TESTS","HIV-1/2 RTK, STAT-PAK Assay, 30 Tests",RTK,7900.0,1046.0,7.6,
Uganda-NMS,UG3,2019-04-30,DETERMINE RTK 100 TESTS,"HIV-1/2 Determine Rapid Test Kit, 100 Tests",RTK,46791.0,7872.0,5.9,
Uganda-NMS,UG3,2019-04-30,SD BIOLINE 3.0 RTK 25 TESTS,"HIV-1/2 SD Bioline 3.0, Rapid Test Kit, 25 Tests",RTK,8639.0,469.0,18.4,
Uganda-NMS,UG3,2019-04-30,"STAT-PAK ASSAY RTK, 30 TESTS","HIV-1/2 RTK, STAT-PAK Assay, 30 Tests",RTK,5700.0,2114.0,2.7,"Formulation is under stocked but with no risk of stock out. 8,542 units available in-country for interware house transfer."
Zambia,ZMB,2018-07-31,DETERMINE RTK 100 TESTS,"HIV-1/2 Determine Rapid Test Kit, 100 Tests",RTK,18280.0,8587.333333333334,2.1,
Zambia,ZMB,2018-07-31,SD BIOLINE 3.0 RTK 25 TESTS,"HIV-1/2 SD Bioline 3.0, Rapid Test Kit, 25 Tests",RTK,23304.0,2282.0,10.2,
Zambia,ZMB,2018-08-31,DETERMINE RTK 100 TESTS,"HIV-1/2 Determine Rapid Test Kit, 100 Tests",RTK,29770.0,10014.33333333333,3.0,
Zambia,ZMB,2018-08-31,SD BIOLINE 3.0 RTK 25 TESTS,"HIV-1/2 SD Bioline 3.0, Rapid Test Kit, 25 Tests",RTK,21507.0,2310.0,9.3,
Zambia,ZMB,2018-09-30,DETERMINE RTK 100 TESTS,"HIV-1/2 Determine Rapid Test Kit, 100 Tests",RTK,24767.0,6813.0,3.6,
Zambia,ZMB,2018-09-30,SD BIOLINE 3.0 RTK 25 TESTS,"HIV-1/2 SD Bioline 3.0, Rapid Test Kit, 25 Tests",RTK,20568.0,1431.333333333333,14.4,
Zambia,ZMB,2018-10-31,DETERMINE RTK 100 TESTS,"HIV-1/2 Determine Rapid Test Kit, 100 Tests",RTK,15110.0,8007.666666666667,1.9,
Zambia,ZMB,2018-10-31,SD BIOLINE 3.0 RTK 25 TESTS,"HIV-1/2 SD Bioline 3.0, Rapid Test Kit, 25 Tests",RTK,18940.0,1475.0,12.8,
Zambia,ZMB,2018-11-30,DETERMINE RTK 100 TESTS,"HIV-1/2 Determine Rapid Test Kit, 100 Tests",RTK,23070.0,10031.66666666667,2.3,
Zambia,ZMB,2018-11-30,SD BIOLINE 3.0 RTK 25 TESTS,"HIV-1/2 SD Bioline 3.0, Rapid Test Kit, 25 Tests",RTK,31930.0,2190.666666666667,14.6,
Zambia,ZMB,2018-12-31,DETERMINE RTK 100 TESTS,"HIV-1/2 Determine Rapid Test Kit, 100 Tests",RTK,16918.0,10474.33333333333,1.6,
Zambia,ZMB,2018-12-31,SD BIOLINE 3.0 RTK 25 TESTS,"HIV-1/2 SD Bioline 3.0, Rapid Test Kit, 25 Tests",RTK,30521.0,2357.666666666667,12.9,
Zambia,ZMB,2019-01-31,DETERMINE RTK 100 TESTS,"HIV-1/2 Determine Rapid Test Kit, 100 Tests",RTK,38850.0,8323.333333333334,4.7,
Zambia,ZMB,2019-01-31,SD BIOLINE 3.0 RTK 25 TESTS,"HIV-1/2 SD Bioline 3.0, Rapid Test Kit, 25 Tests",RTK,29894.0,2024.333333333333,14.8,
Zambia,ZMB,2019-02-28,DETERMINE RTK 100 TESTS,"HIV-1/2 Determine Rapid Test Kit, 100 Tests",RTK,33580.0,4751.0,7.1,
Zambia,ZMB,2019-02-28,SD BIOLINE 3.0 RTK 25 TESTS,"HIV-1/2 SD Bioline 3.0, Rapid Test Kit, 25 Tests",RTK,38742.0,1073.333333333333,36.1,
Zambia,ZMB,2019-03-31,DETERMINE RTK 100 TESTS,"HIV-1/2 Determine Rapid Test Kit, 100 Tests",RTK,29209.0,4159.666666666667,7.0,"Commodity is adequately stocked. GHSC-RMI April shipment (Qty 12,000; 3MOS) is in country while another GHSC-RMI shipment (Qty 4,000; 1MOS) is scheduled for delivery in  May 2019."
Zambia,ZMB,2019-03-31,SD BIOLINE 3.0 RTK 25 TESTS,"HIV-1/2 SD Bioline 3.0, Rapid Test Kit, 25 Tests",RTK,36974.0,1184.666666666667,31.2,"Issues to the facilities have been lower than forecasted. The forecast has since been lowered to match the average consumption. A  GHSC-RMI shipment (Qty 12,900; 4.7MOS) was scheduled for delivery in May 2019 has been moved to November 2019 to avert the central level overstock."
Zambia,ZMB,2019-04-30,DETERMINE RTK 100 TESTS,"HIV-1/2 Determine Rapid Test Kit, 100 Tests",RTK,38200.0,4241.666666666667,9.0,"Commodity is adequately stocked. GHSC-RMI shipments (Qty 12,000 and 4,000) were delivered on 4/3/2019 and 4/30/2019. There are no planned shipments as funds have been depleted."
Zambia,ZMB,2019-04-30,SD BIOLINE 3.0 RTK 25 TESTS,"HIV-1/2 SD Bioline 3.0, Rapid Test Kit, 25 Tests",RTK,36347.0,1184.666666666667,30.7,Issues to the facilities have been lower than forecasted. The forecast has since been lowered to match the average consumption. A request has been sent to cancel ordered shipments to avert continued overstock.
Zimbabwe,ZWE,2018-07-31,DETERMINE RTK 100 TESTS,"HIV-1/2 Determine Rapid Test Kit, 100 Tests",RTK,22790.0,4160.333333333333,5.5,
Zimbabwe,ZWE,2018-07-31,"INSTI RTK, 1 TEST","Insti HIV-1/2 RTK, Rapid Antibody Test, 1 Test",RTK,2618.0,1044.0,2.5,
Zimbabwe,ZWE,2018-07-31,"STAT-PAK ASSAY RTK, 20 TESTS","HIV-1/2 RTK, STAT-PAK Assay, 20 Tests",RTK,15530.0,2995.0,5.2,
Zimbabwe,ZWE,2018-08-31,DETERMINE RTK 100 TESTS,"HIV-1/2 Determine Rapid Test Kit, 100 Tests",RTK,16020.0,3469.666666666667,4.6,
Zimbabwe,ZWE,2018-08-31,"INSTI RTK, 1 TEST","Insti HIV-1/2 RTK, Rapid Antibody Test, 1 Test",RTK,1686.0,805.3333333333334,2.1,
Zimbabwe,ZWE,2018-08-31,"STAT-PAK ASSAY RTK, 20 TESTS","HIV-1/2 RTK, STAT-PAK Assay, 20 Tests",RTK,10445.0,2048.0,5.1,
Zimbabwe,ZWE,2018-09-30,DETERMINE RTK 100 TESTS,"HIV-1/2 Determine Rapid Test Kit, 100 Tests",RTK,20574.0,3500.0,5.9,
Zimbabwe,ZWE,2018-09-30,"INSTI RTK, 1 TEST","Insti HIV-1/2 RTK, Rapid Antibody Test, 1 Test",RTK,926.0,850.0,1.1,
Zimbabwe,ZWE,2018-09-30,"STAT-PAK ASSAY RTK, 20 TESTS","HIV-1/2 RTK, STAT-PAK Assay, 20 Tests",RTK,12930.0,2100.0,6.2,
Zimbabwe,ZWE,2018-10-31,DETERMINE RTK 100 TESTS,"HIV-1/2 Determine Rapid Test Kit, 100 Tests",RTK,17656.0,3481.0,5.1,
Zimbabwe,ZWE,2018-10-31,"INSTI RTK, 1 TEST","Insti HIV-1/2 RTK, Rapid Antibody Test, 1 Test",RTK,368.0,850.0,0.4,
Zimbabwe,ZWE,2018-10-31,"STAT-PAK ASSAY RTK, 20 TESTS","HIV-1/2 RTK, STAT-PAK Assay, 20 Tests",RTK,33172.0,2100.0,15.8,
Zimbabwe,ZWE,2018-11-30,DETERMINE RTK 100 TESTS,"HIV-1/2 Determine Rapid Test Kit, 100 Tests",RTK,13685.0,3421.666666666667,4.0,
Zimbabwe,ZWE,2018-11-30,"INSTI RTK, 1 TEST","Insti HIV-1/2 RTK, Rapid Antibody Test, 1 Test",RTK,126.0,892.3333333333334,0.1,
Zimbabwe,ZWE,2018-11-30,"STAT-PAK ASSAY RTK, 20 TESTS","HIV-1/2 RTK, STAT-PAK Assay, 20 Tests",RTK,29139.0,2062.0,14.1,
Zimbabwe,ZWE,2018-12-31,DETERMINE RTK 100 TESTS,"HIV-1/2 Determine Rapid Test Kit, 100 Tests",RTK,13685.0,3421.666666666667,4.0,
Zimbabwe,ZWE,2018-12-31,"INSTI RTK, 1 TEST","Insti HIV-1/2 RTK, Rapid Antibody Test, 1 Test",RTK,0.0,892.3333333333334,0,
Zimbabwe,ZWE,2018-12-31,"STAT-PAK ASSAY RTK, 20 TESTS","HIV-1/2 RTK, STAT-PAK Assay, 20 Tests",RTK,29139.0,2062.0,14.1,
Zimbabwe,ZWE,2019-01-31,DETERMINE RTK 100 TESTS,"HIV-1/2 Determine Rapid Test Kit, 100 Tests",RTK,13007.0,2970.333333333333,4.4,
Zimbabwe,ZWE,2019-01-31,"INSTI RTK, 1 TEST","Insti HIV-1/2 RTK, Rapid Antibody Test, 1 Test",RTK,0.0,850.0,0,
Zimbabwe,ZWE,2019-01-31,"STAT-PAK ASSAY RTK, 20 TESTS","HIV-1/2 RTK, STAT-PAK Assay, 20 Tests",RTK,27388.0,2293.333333333333,11.9,
Zimbabwe,ZWE,2019-02-28,DETERMINE RTK 100 TESTS,"HIV-1/2 Determine Rapid Test Kit, 100 Tests",RTK,10771.0,3420.0,3.1,
Zimbabwe,ZWE,2019-02-28,"INSTI RTK, 1 TEST","Insti HIV-1/2 RTK, Rapid Antibody Test, 1 Test",RTK,2812.0,1754.666666666667,1.6,
Zimbabwe,ZWE,2019-02-28,"STAT-PAK ASSAY RTK, 20 TESTS","HIV-1/2 RTK, STAT-PAK Assay, 20 Tests",RTK,26061.0,2297.0,11.3,
Zimbabwe,ZWE,2018-05-31,DETERMINE RTK 100 TESTS,"HIV-1/2 Determine Rapid Test Kit, 100 Tests",RTK,25519.0,5528.333333333333,4.6,
Zimbabwe,ZWE,2018-05-31,"INSTI RTK, 1 TEST","Insti HIV-1/2 RTK, Rapid Antibody Test, 1 Test",RTK,9346.0,3832.333333333333,2.4,
Zimbabwe,ZWE,2018-05-31,"STAT-PAK ASSAY RTK, 20 TESTS","HIV-1/2 RTK, STAT-PAK Assay, 20 Tests",RTK,2891.0,1747.333333333333,1.7,
Zimbabwe,ZWE,2018-06-30,DETERMINE RTK 100 TESTS,"HIV-1/2 Determine Rapid Test Kit, 100 Tests",RTK,23536.0,3409.666666666667,6.9,
Zimbabwe,ZWE,2018-06-30,"INSTI RTK, 1 TEST","Insti HIV-1/2 RTK, Rapid Antibody Test, 1 Test",RTK,2781.0,716.0,3.9,
Zimbabwe,ZWE,2018-06-30,"STAT-PAK ASSAY RTK, 20 TESTS","HIV-1/2 RTK, STAT-PAK Assay, 20 Tests",RTK,6802.0,1944.666666666667,3.5,
Zimbabwe,ZWE,2019-03-31,DETERMINE RTK 100 TESTS,"HIV-1/2 Determine Rapid Test Kit, 100 Tests",RTK,21925.0,3532.0,6.2,"A shipment of 17,638 (5 MOS) expected from GF, ETA April 2019. Next PSM shipment of 4,640 planned for September."
Zimbabwe,ZWE,2019-03-31,"INSTI RTK, 1 TEST","Insti HIV-1/2 RTK, Rapid Antibody Test, 1 Test",RTK,2396.0,1700.0,1.4,"A shipment of 17,000 (10 MOS) expected  from GF, with 5,000 in  Apr 2019, and the 12,000 in June 2019"
Zimbabwe,ZWE,2019-03-31,"STAT-PAK ASSAY RTK, 20 TESTS","HIV-1/2 RTK, STAT-PAK Assay, 20 Tests",RTK,23837.0,1955.0,12.2,"A shipment of 18,000 received end of year 2018 from GOZ was unplanned. GF processes were too advance d to stop the planned April Shipments of 20,176. MOH need to donate/swap the kits elsewhere. No risk of significant expiry in the next 12 months. Earliest expiry date in 2020"
Zimbabwe,ZWE,2019-04-30,DETERMINE RTK 100 TESTS,"HIV-1/2 Determine Rapid Test Kit, 100 Tests",RTK,37170.0,3532.0,10.5,Consumption expected to decline at the two main metropolitan provinces are using Standard Q as screening tests. Actual data pending from ZAPS
Zimbabwe,ZWE,2019-04-30,"INSTI RTK, 1 TEST","Insti HIV-1/2 RTK, Rapid Antibody Test, 1 Test",RTK,6326.0,1700.0,3.7,"A shipment  from GF, of  12,000 expected  in June 2019"
Zimbabwe,ZWE,2019-04-30,"STAT-PAK ASSAY RTK, 20 TESTS","HIV-1/2 RTK, STAT-PAK Assay, 20 Tests",RTK,22035.0,1955.0,11.3,"A shipment of 18,000 received end of year 2018 from GOZ was unplanned. GF processes were too advance d to stop the planned April Shipments of 20,176. MOH need to donate/swap the kits elsewhere. No risk of significant expiry in the next 12 months. Earliest expiry date in 2020"
